代碼,食物分類大項,食物分類子項,食材名稱,生食/熟食,烹飪方式,保存方式,產地,當季/非當季,農業,加工,包裝,運輸,超市及配送,能源消耗,全部
13024_2,水果類,水果類,小柑橘,生食,,,,,-,0.56,-,0.43,0.02,0.21,1.22
13010,水果類,水果類,木瓜,生食,,,,,0.12,-,-,0.33,0.01,0.08,0.54
13134,水果類,水果類,水果沙拉,生食,,,,,0.16,0.31,0.24,0.3,0.01,0.08,1.1
13109,水果類,水果類,水果蜜餞,生食,,,,,0.1,0.17,0.28,0.22,0.02,0.01,0.79
13129,水果類,水果類,水果蜜餞,生食,,冷藏,,,0.1,0.17,0.28,0.22,0.04,0.01,0.81
20070,蔬菜類,豆類,四季豆,生食,,冷凍,,,0.12,0.12,0.05,0.18,0.17,0.03,0.67
13021,水果類,水果類,奇異果,生食,,,,,0.5,0.01,-,0.38,0,0.08,0.98
13018,水果類,水果類,石榴,生食,,,,,0.12,-,-,0.27,0.01,0.08,0.49
13025_2,水果類,水果類,芒果,生食,,,巴西,,0.16,-,-,10.38,0.02,0.08,10.64
13016,水果類,水果類,百香果,生食,,,,,0.53,-,-,0.27,0.01,0.08,0.89
13054,水果類,水果類,楊桃,生食,,,,,0.16,-,-,0.27,0.02,0.08,0.53
13036,水果類,水果類,西瓜,生食,,,,,0.24,-,-,0.32,0.01,0.08,0.64
13100,水果類,水果類,李子,生食,,,,,0.6,-,-,0.27,0.01,0.08,0.96
13000,水果類,水果類,杏桃,生食,,,,,0.15,-,0.35,0.29,0.02,0.08,0.88
13001,水果類,水果類,杏桃乾,熟食,,,,,0.86,0.31,0.28,0.33,0.02,-,1.8
13024_1,水果類,水果類,柑橘,生食,,,,,0,-,-,0.32,0.01,0.08,0.42
13614,水果類,水果類,柚子,生食,,,,,0.4,-,-,0.27,0.01,0.08,0.77
13066,水果類,水果類,柿子,生食,,,,,0.49,-,-,0.33,0.01,0.08,0.9
13997,水果類,水果類,紅莓,生食,,,,,1.03,-,-,0.43,0.01,0.01,1.48
13005,水果類,水果類,香蕉,生食,,,,,0.32,-,-,0.41,0.02,0.14,0.88
13089,水果類,水果類,香蕉乾,熟食,,,,,1.02,0.68,0.28,0.17,0.02,-,2.17
13043,水果類,水果類,桃子,生食,,,,,0.22,-,-,0.29,0.01,0.08,0.6
13118,水果類,水果類,桃子乾,熟食,烘烤,,,,3.84,3.11,0.56,0.3,0.03,0.32,8.18
13731,水果類,水果類,桃子罐頭,熟食,,,,,0.12,0.23,0.17,0.14,0.02,-,0.68
13014_1,水果類,水果類,草莓,生食,,,,,0.23,-,-,0.25,0.01,0.01,0.5
13014_3,水果類,水果類,草莓,生食,,,,非當季,0.27,-,-,0.27,0.01,0.01,0.55
13014_2,水果類,水果類,草莓,生食,,,,當季,0.22,-,-,0.24,0.01,0.01,0.48
3,水果類,水果類,草莓醬,熟食,,,,,0.42,1.05,0.5,0.4,0.01,-,2.38
13023,水果類,水果類,荔枝,生食,,,,,0.16,-,-,0.27,0.02,0.08,0.53
13037,水果類,水果類,梨子,生食,,,,,0.08,-,-,0.25,0.01,0.03,0.36
13026,水果類,水果類,哈密瓜,生食,,,,,0.32,-,-,0.38,0.02,0.21,0.93
13110,水果類,水果類,櫻桃,生食,,,,,0.6,-,-,0.27,0.01,0.08,0.97
13012,水果類,水果類,無花果,生食,,,,,0.22,-,-,0.3,0.02,0.08,0.61
13013,水果類,水果類,無花果乾,熟食,烘焙,,,,0.62,-,0.28,0.16,0.02,-,1.08
13083,水果類,水果類,芭樂,生食,,,,,0.53,-,-,0.5,0.02,0.08,1.12
13717,水果類,水果類,鳳梨罐頭,熟食,,,,,0.21,0.23,0.17,0.23,0.02,-,0.86
13067,水果類,水果類,萊姆,生食,,,,,0.16,-,-,0.27,0.01,0.08,0.53
13071,水果類,水果類,黑桑葚,生食,,,,,0.84,-,-,0.27,0.02,0.08,1.21
13029,水果類,水果類,黑莓,生食,,,,,0.69,-,-,0.23,0.01,0.01,0.94
13150,水果類,水果類,黑莓,生食,,冷凍,,,0.69,0.01,0.28,0.23,0.15,0.03,1.38
13007,水果類,水果類,黑醋栗,生食,,,,,1.43,-,-,0.27,0.02,0.08,1.8
15006,水果類,水果類,椰子,生食,,,,,1.13,-,0.53,0.47,0.05,0.32,2.49
15007,水果類,水果類,椰子乾,熟食,烘烤,,,,1.13,-,0.53,0.47,0.05,0.32,2.49
13112,水果類,水果類,葡萄,生食,,,,,0.15,-,-,0.26,0.01,0.03,0.46
13044,水果類,水果類,綠葡萄,生食,,,,,0.15,-,-,0.26,0.01,0.03,0.46
13040,水果類,水果類,葡萄柚,生食,,,,,0.26,-,-,0.46,0.02,0.14,0.87
13046,水果類,水果類,葡萄乾,熟食,烘烤,,,,0.58,-,0.28,0.16,0.02,-,1.04
13004,水果類,水果類,酪梨,生食,,,,,0.86,-,-,0.46,0.02,0.14,1.48
13002,水果類,水果類,鳳梨,生食,,,,,0.37,-,-,0.59,0.01,0.32,1.29
13113,水果類,水果類,蔓越莓,生食,,,,,0.97,-,-,0.48,0.02,0.08,1.54
13034,水果類,水果類,柳橙,生食,,,,,0.2,-,-,0.34,0.01,0.08,0.63
13009,水果類,水果類,檸檬,生食,,,,,0.19,-,-,0.37,0.02,0.14,0.71
13028,水果類,水果類,藍莓,生食,,,,,0.63,-,-,0.23,0.01,0.01,0.88
13132,水果類,水果類,藍莓,生食,,冷凍,,,0.63,0.01,0.28,0.23,0.15,0.03,1.33
13015,水果類,水果類,覆盆子,生食,,,,,1.03,-,-,0.43,0.01,0.01,1.48
13136,水果類,水果類,覆盆子,生食,,冷凍,,,1.02,0.01,0.28,0.44,0.15,0.03,1.93
4,水果類,水果類,覆盆子果醬,熟食,,,,,1.18,0.48,0.15,0.4,0.01,-,2.22
13085,水果類,水果類,蘋果,生食,,,加拿大,,0.11,-,-,0.24,0.01,0.03,0.4
13175,水果類,水果類,蘋果乾,熟食,烤,,,,0.11,-,0.31,0.25,0.01,0.12,0.8
13039,水果類,水果類,蘋果,生食,,,,,0.11,-,-,0.24,0.01,0.03,0.4
13038,水果類,水果類,蘋果蜜餞,熟食,,,,,0.12,0.19,0.28,0.22,0.04,0.01,0.84
13071,水果類,水果類,黑桑葚,生食,,,,,0.84,-,-,0.27,0.02,0.08,1.21
9100,全穀雜糧類,米飯類,白米,生食,,,,,2.16,-,0.27,0.31,0.02,-,2.75
9900,全穀雜糧類,麵食類,米粉,生食,,,,,0.83,0.05,0.27,0.29,0.01,-,1.45
9086,全穀雜糧類,麵食類,油麵,熟食,煮,,,,0.83,0.17,0.19,0.11,0.03,0.01,1.34
9822,全穀雜糧類,麵食類,義大利麵,熟食,煮,,,,1.03,0.27,0.19,0.12,0.03,0.01,1.64
9810,全穀雜糧類,麵食類,義大利麵,生食,,,,,0.75,0.96,0.28,0.14,0.02,-,2.14
9811,全穀雜糧類,麵食類,螺旋麵,生食,,,,,0.75,1,0.28,0.01,0.02,0,2.06
9815,全穀雜糧類,麵食類,麵條,生食,,,,,1.03,0.12,0.27,0.12,0.03,-,1.57
9816,全穀雜糧類,麵食類,白扁麵,生食,,,,,1.03,0.12,0.27,0.12,0.03,-,1.57
9817,全穀雜糧類,麵食類,拉麵,生食,,,,,0.95,0.12,0.27,0.12,0.03,-,1.49
9311,全穀雜糧類,米飯類,燕麥片,生食,,,,,0.88,0.01,0.01,0.23,0.03,-,1.15
9380,全穀雜糧類,米飯類,蕎麥,生食,,,,,0.74,-,0.27,0.13,0.02,-,1.15
9102,全穀雜糧類,米飯類,糙米,生食,,,,,2.16,-,0.27,0.31,0.02,-,2.75
25479,全穀雜糧類,麵食類,麵疙瘩,熟食,煮,,,,0.28,0.16,0.19,0.22,0.04,0.01,0.89
26265,全穀雜糧類,麵食類,麵疙瘩,生食,,,,,0.28,0.01,0.27,0.22,0.04,-,0.82
4002,全穀雜糧類,根莖類,馬鈴薯,熟食,烘烤,,,,0.16,-,0.3,0.22,0.02,0.12,0.81
4015,全穀雜糧類,根莖類,馬鈴薯,熟食,炒,,,,0.18,0,0.29,0.22,0.02,0.15,0.86
53502,全穀雜糧類,根莖類,山藥,生食,,,,,0.13,-,-,0.3,0.01,0.01,0.45
53503,全穀雜糧類,根莖類,山藥,熟食,煮,,,,0.18,-,-,0.43,0.01,0.11,0.73
4000,全穀雜糧類,根莖類,木薯粉,生食,,,,,0.15,-,0.14,0.42,0.01,0.08,0.8
4101,全穀雜糧類,根莖類,地瓜,生食,,,,,0.11,-,-,0.15,0.01,0.03,0.3
4103,全穀雜糧類,根莖類,地瓜泥,熟食,煮,,,,0.45,0.2,0.1,0.14,0.01,0.01,0.91
4102,全穀雜糧類,根莖類,地瓜,熟食,煮,,,,0.16,-,0.17,0.23,0.02,0.13,0.71
4046,全穀雜糧類,根莖類,薯條,生食,,冷凍,,,0.16,0.13,0.4,0.33,0.15,0.12,1.29
4032,全穀雜糧類,根莖類,薯條,熟食,炸,冷凍,,,0.23,0.26,0.4,0.36,0.15,0.12,1.53
53201,全穀雜糧類,根莖類,芋頭,熟食,煮,,,,0.22,-,0.34,0.56,0.02,0.22,1.35
53200,全穀雜糧類,根莖類,芋頭,生食,,,,,0.15,-,-,0.38,0.01,0.08,0.63
20139,全穀雜糧類,根莖類,南瓜,生食,,,,,0.22,-,-,0.3,0.02,0.08,0.62
4004,全穀雜糧類,根莖類,洋芋片,熟食,,,,,0.83,0.23,0.28,0.18,0.02,-,1.54
20132,全穀雜糧類,根莖類,紅栗南瓜,生食,,,,,0.22,-,-,0.27,0.02,0.08,0.59
4003,全穀雜糧類,根莖類,馬鈴薯,熟食,煮,,,,0.16,-,0.3,0.22,0.02,0.13,0.82
4008,全穀雜糧類,根莖類,馬鈴薯,生食,,,,,0.11,-,0.21,0.15,0.01,0.01,0.49
4043,全穀雜糧類,根莖類,馬鈴薯塊,生食,,冷凍,,,0.12,0.11,0.3,0.25,0.12,0.06,0.97
4027,全穀雜糧類,根莖類,馬鈴薯塊,熟食,炸,冷凍,,,0.18,0.16,0.43,0.37,0.17,0.15,1.46
4014,全穀雜糧類,根莖類,馬鈴薯,熟食,蒸,,,,0.16,-,0.3,0.22,0.02,0.13,0.82
4022,全穀雜糧類,根莖類,馬鈴薯片,生食,,,,,0.12,0.2,0.16,0.2,0.01,0.01,0.7
4018,全穀雜糧類,根莖類,馬鈴薯泥,熟食,,,,,0.83,0.18,0.19,0.15,0.02,0.01,1.38
4013,全穀雜糧類,根莖類,馬鈴薯泥球,生食,,冷凍,,,2.47,0.31,0.28,0.23,0.11,0.03,3.43
20531,全穀雜糧類,豆類,綠豆,熟食,煮,,,,0.21,-,0.11,0.06,0.03,0.01,0.42
20072,全穀雜糧類,豆類,豌豆,生食,,,,,0.43,-,-,0.22,0.02,-,0.67
20124,全穀雜糧類,豆類,豌豆,熟食,,冷凍,,,0.46,0.08,0.31,0.22,0.08,0.12,1.28
20084,全穀雜糧類,豆類,豌豆,生食,,冷凍,,,0.4,0.07,0.26,0.19,0.07,0.03,1.02
20037,全穀雜糧類,豆類,豌豆,熟食,,,,,0.5,-,0.22,0.27,0.02,0.09,1.11
20516,全穀雜糧類,豆類,鷹嘴豆,生食,,,,,0.39,-,0.27,0.27,0.06,-,0.99
20507,全穀雜糧類,豆類,鷹嘴豆,熟食,煮,,,,0.17,-,0.11,0.11,0.03,0.01,0.43
7171,全穀雜糧類,麵食類,奶油餐包,熟食,,,,,0.5,1,0.2,0.05,0.1,0.08,1.93
7172,全穀雜糧類,麵食類,香蒜麵包,熟食,,,,,0.45,1.1,0.2,0.05,0.1,0.08,1.98
26009,豆魚蛋肉類,海鮮類,比目魚,生食,,,大西洋,,3.13,-,0.28,0.78,0.04,0.01,4.24
26102,豆魚蛋肉類,海鮮類,鯖魚,生食,,,大西洋,,1.05,-,0.28,0.87,0.04,0.01,2.25
26011,豆魚蛋肉類,海鮮類,鯡魚,生食,,,大西洋,,1.08,-,0.28,0.9,0.04,0.01,2.3
26012,豆魚蛋肉類,海鮮類,鯡魚,熟食,炸,,大西洋,,1.33,0,0.22,1.1,0.05,0.12,2.82
26014,豆魚蛋肉類,海鮮類,鯡魚,熟食,烤,,大西洋,,1.33,0,0.22,1.1,0.05,0.12,2.82
26075,豆魚蛋肉類,海鮮類,鱸魚,生食,,,大西洋,,11.27,-,0.28,1,0.04,0.01,12.59
26094,豆魚蛋肉類,海鮮類,多寶魚,熟食,烤,,,,13.76,-,0.23,1.22,0.05,0.09,15.35
30700,豆魚蛋肉類,豬肉類,大蒜香腸,生食,,,,,9.72,0.72,0.52,0.21,0.04,0.09,11.3
21800,豆魚蛋肉類,羊肉類,小山羊,生食,,,,,39.48,0.07,0.34,0.25,0.05,0.09,40.28
21801,豆魚蛋肉類,羊肉類,小山羊,熟食,煮,,,,49.88,0.09,0.43,0.32,0.06,0.22,51.01
6580,豆魚蛋肉類,牛肉類,小牛腳,生食,,,,,17.61,0.06,0.34,0.25,0.05,0.09,18.39
6582,豆魚蛋肉類,牛肉類,小牛頭,熟食,煮,,,,22.24,0.07,0.43,0.31,0.06,0.34,23.47
6510,豆魚蛋肉類,牛肉類,小牛肉絞肉,生食,,,,,17.61,0.06,0.34,0.25,0.05,0.09,18.39
6511,豆魚蛋肉類,牛肉類,小牛肉絞肉,熟食,烤,,,,22.25,0.08,0.43,0.32,0.06,0.22,23.36
6521,豆魚蛋肉類,牛肉類,小牛排,生食,,,,,17.61,0.11,0.28,0.2,0.04,0.01,18.23
6560,豆魚蛋肉類,牛肉類,小牛肩肉,生食,,,,,14.08,0.05,0.28,0.2,0.04,0.01,14.65
6563,豆魚蛋肉類,牛肉類,小牛肩肉,熟食,煮,,,,17.79,0.06,0.35,0.25,0.05,0.2,18.7
6562,豆魚蛋肉類,牛肉類,小牛肩肉,熟食,烤,,,,17.8,0.06,0.35,0.25,0.05,0.12,18.63
6583,豆魚蛋肉類,牛肉類,小牛腿肉,生食,,,,,17.61,0.06,0.34,0.25,0.05,0.09,18.39
6550,豆魚蛋肉類,牛肉類,小牛肉,生食,,,,,22.01,0.14,0.34,0.25,0.05,0.09,22.87
6551,豆魚蛋肉類,牛肉類,小牛肉,熟食,烤,,,,27.8,0.17,0.43,0.32,0.06,0.2,28.98
6540,豆魚蛋肉類,牛肉類,小牛胸肉,生食,,,,,14.08,0.05,0.28,0.2,0.04,0.01,14.65
6591,豆魚蛋肉類,牛肉類,小牛頸肉,熟食,煮,,,,22.24,0.07,0.43,0.31,0.06,0.34,23.47
6520,豆魚蛋肉類,牛肉類,小牛排骨,熟食,煮,,,,22.24,0.14,0.35,0.25,0.05,0.09,23.12
6513,豆魚蛋肉類,牛肉類,小牛裡肌肉,生食,,,,,14.08,0.05,0.28,0.2,0.04,0.01,14.65
6590,豆魚蛋肉類,牛肉類,小牛頸肉,生食,,,,,17.61,0.06,0.34,0.25,0.05,0.09,18.39
6581,豆魚蛋肉類,牛肉類,小牛腿肉,熟食,煮,,,,22.24,0.07,0.43,0.31,0.06,0.34,23.47
6512,豆魚蛋肉類,牛肉類,小牛裡肌肉,熟食,炒,,,,17.8,0.06,0.35,0.25,0.05,0.12,18.63
6524,豆魚蛋肉類,牛肉類,小牛裡肌肉,熟食,烤,,,,22.24,0.14,0.35,0.25,0.05,0.09,23.12
6531,豆魚蛋肉類,牛肉類,小牛肉片,熟食,烤,,,,22.24,0.14,0.35,0.25,0.05,0.09,23.12
40007,豆魚蛋肉類,牛肉類,小牛腦,熟食,煮,,,,23.54,0.08,0.38,0.28,0.05,0.1,24.41
28502,豆魚蛋肉類,豬肉類,五花肉,生食,,,,,5.42,0.28,0.17,0.2,0.04,0.01,6.12
10035,豆魚蛋肉類,海鮮類,生蠔,生食,,,太平洋,,1.83,-,1.08,0.87,0.15,0.99,4.91
27018,豆魚蛋肉類,海鮮類,巴沙魚,熟食,煮,,,,15.34,-,0.23,1.22,0.05,0.09,16.93
40055,豆魚蛋肉類,雞肉類,火雞心,生食,,,,,1.1,0.22,0.28,0.2,0.04,0.01,1.84
40057,豆魚蛋肉類,雞肉類,火雞心,熟食,煮,,,,1.51,0.3,0.38,0.27,0.05,0.1,2.61
40052,豆魚蛋肉類,牛肉類,牛心,生食,,,,,20.93,0.05,0.28,0.2,0.04,0.01,21.5
40053,豆魚蛋肉類,牛肉類,牛心,熟食,煮,,,,28.69,0.07,0.38,0.27,0.05,0.1,29.56
40058,豆魚蛋肉類,羊肉類,羊心,生食,,,,,20.51,0.03,0.28,0.2,0.04,0.01,21.06
40059,豆魚蛋肉類,羊肉類,羊心,熟食,煮,,,,28.11,0.05,0.38,0.27,0.05,0.1,28.95
40060,豆魚蛋肉類,豬肉類,豬心,生食,,,,,1.44,0.1,0.28,0.19,0.04,0.01,2.05
40054,豆魚蛋肉類,豬肉類,豬心,生食,,,,,1.1,0.22,0.28,0.2,0.04,0.01,1.84
40056,豆魚蛋肉類,雞肉類,雞心,熟食,煮,,,,1.51,0.3,0.38,0.27,0.05,0.1,2.61
28917,豆魚蛋肉類,豬肉類,火腿,熟食,煮,,,,7.15,0.6,0.6,0.26,0.05,0.09,8.74
30764,豆魚蛋肉類,豬肉類,火腿腸,生食,,,,,4.28,0.25,0.23,0.2,0.04,0.09,5.1
6160,豆魚蛋肉類,牛肉類,牛頭,生食,,,,,26.48,0.12,0.28,0.2,0.04,0.01,27.11
6162,豆魚蛋肉類,牛肉類,牛頭,熟食,烤,,,,33.45,0.15,0.35,0.26,0.05,0.09,34.34
6122,豆魚蛋肉類,牛肉類,牛小排,生食,,,,,26.48,0.07,0.34,0.25,0.05,0.09,27.27
6123,豆魚蛋肉類,牛肉類,牛小排,熟食,煮,,,,33.45,0.08,0.43,0.32,0.06,0.2,34.54
6270,豆魚蛋肉類,牛肉類,牛肩胛肉,生食,,,,,33.09,0.14,0.34,0.25,0.05,0.09,33.97
25163,豆魚蛋肉類,牛肉類,牛肉丸,熟食,煮,,,,28.92,0.41,0.35,0.27,0.05,0.09,30.1
6001,豆魚蛋肉類,牛肉類,牛肋骨,生食,,,,,26.48,0.07,0.34,0.25,0.05,0.09,27.27
6103,豆魚蛋肉類,牛肉類,牛肋排,生食,,,,,26.48,0.07,0.34,0.25,0.05,0.09,27.27
6204,豆魚蛋肉類,牛肉類,牛橫隔膜,生食,,,,,26.48,0.12,0.28,0.2,0.04,0.01,27.11
6205,豆魚蛋肉類,牛肉類,牛橫隔膜,熟食,烤,,,,33.45,0.15,0.35,0.26,0.05,0.09,34.34
6271,豆魚蛋肉類,牛肉類,牛肩胛肉,熟食,煮,,,,41.81,0.18,0.43,0.32,0.06,0.34,43.15
6111,豆魚蛋肉類,牛肉類,沙朗牛排,生食,,,,,26.48,0.12,0.28,0.2,0.04,0.01,27.11
6002,豆魚蛋肉類,牛肉類,牛肩肉,生食,,,,,26.48,0.12,0.28,0.2,0.04,0.01,27.11
6150,豆魚蛋肉類,牛肉類,牛關節,生食,,,,,26.48,0.07,0.34,0.25,0.05,0.09,27.27
6151,豆魚蛋肉類,牛肉類,牛關節,熟食,煮,,,,33.45,0.08,0.43,0.32,0.06,0.34,34.68
6101,豆魚蛋肉類,牛肉類,牛肉,熟食,煮,,,,33.45,0.15,0.35,0.26,0.05,0.09,34.34
6212,豆魚蛋肉類,牛肉類,牛側腹,生食,,,,,26.48,0.12,0.28,0.2,0.04,0.01,27.11
6102,豆魚蛋肉類,牛肉類,牛肉,生食,,,,,26.48,0.12,0.28,0.2,0.04,0.01,27.11
6104,豆魚蛋肉類,牛肉類,牛肉,熟食,煮,,,,33.45,0.15,0.35,0.26,0.05,0.09,34.34
6206,豆魚蛋肉類,牛肉類,牛臀肉,生食,,,,,26.48,0.12,0.28,0.2,0.04,0.01,27.11
6140,豆魚蛋肉類,牛肉類,牛臉頰肉,生食,,,,,26.48,0.12,0.28,0.2,0.04,0.01,27.11
6130,豆魚蛋肉類,牛肉類,牛薄側肉,生食,,,,,26.48,0.12,0.28,0.2,0.04,0.01,27.11
6131,豆魚蛋肉類,牛肉類,牛薄側肉,熟食,烤,,,,33.46,0.15,0.35,0.26,0.05,0.12,34.38
6214,豆魚蛋肉類,牛肉類,牛前腿肉,熟食,烤,,,,33.45,0.15,0.38,0.26,0.05,0.1,34.37
6310,豆魚蛋肉類,牛肉類,牛尾,熟食,煮,,,,33.45,0.08,0.43,0.32,0.06,0.34,34.68
6201,豆魚蛋肉類,牛肉類,牛排,生食,,,,,26.48,0.12,0.28,0.2,0.04,0.01,27.11
6200,豆魚蛋肉類,牛肉類,牛排,熟食,烤,,,,33.45,0.15,0.35,0.26,0.05,0.09,34.34
6100,豆魚蛋肉類,牛肉類,牛肋排,熟食,烤,,,,33.46,0.08,0.43,0.32,0.06,0.22,34.58
6105,豆魚蛋肉類,牛肉類,沙朗牛,熟食,烤,,,,33.45,0.15,0.35,0.26,0.05,0.09,34.34
6210,豆魚蛋肉類,牛肉類,牛肉,熟食,烤,,,,33.45,0.15,0.35,0.26,0.05,0.09,34.34
6211,豆魚蛋肉類,牛肉類,牛側腹,熟食,烤,,,,33.46,0.15,0.35,0.26,0.05,0.12,34.38
6207,豆魚蛋肉類,牛肉類,牛臀肉,熟食,烤,,,,33.45,0.15,0.35,0.26,0.05,0.09,34.34
6141,豆魚蛋肉類,牛肉類,牛臉頰肉,熟食,煮,,,,26.76,0.07,0.35,0.25,0.05,0.2,27.67
25505,豆魚蛋肉類,牛肉類,牛肉串,生食,,,,,33.45,0.15,0.35,0.26,0.05,0.09,34.34
40204,豆魚蛋肉類,牛肉類,牛舌,生食,,,,,17.17,0.06,0.28,0.2,0.04,0.01,17.75
40201,豆魚蛋肉類,牛肉類,牛舌,熟食,煮,,,,23.54,0.08,0.38,0.28,0.05,0.1,24.41
40502,豆魚蛋肉類,牛肉類,牛肚,生食,,,,,26.16,0.07,0.34,0.25,0.05,0.09,26.95
6241,豆魚蛋肉類,牛肉類,牛頸肉,熟食,煮,,,,41.81,0.18,0.43,0.32,0.06,0.2,43
27025,豆魚蛋肉類,海鮮類,鱸魚,生食,,,尼羅河,,5.27,-,0.28,0.9,0.04,0.01,6.49
36000,豆魚蛋肉類,雞肉類,母雞,生食,,,,,5.18,1.03,0.34,0.29,0.05,0.09,6.97
36001,豆魚蛋肉類,雞肉類,母雞肉,生食,,,,,5.18,1.03,0.34,0.29,0.05,0.09,6.97
28204,豆魚蛋肉類,牛肉類,菲力牛排,生食,,,,,8.5,0.92,0.46,0.21,0.04,0.01,10.14
26068,豆魚蛋肉類,海鮮類,鰹魚,生食,,,,,3.26,-,0.28,0.78,0.04,0.01,4.36
26178,豆魚蛋肉類,海鮮類,石斑魚,生食,,,,,3.13,-,0.28,0.78,0.04,0.01,4.24
10026,豆魚蛋肉類,海鮮類,貽貝,生食,,,地中海,,1.83,-,1.1,0.87,0.15,0.99,4.94
10027,豆魚蛋肉類,海鮮類,蛤蜊,生食,,,,,1.83,-,1.1,0.87,0.15,0.99,4.94
26205,豆魚蛋肉類,海鮮類,鱸魚,生食,,,地中海,,7.69,-,0.28,1,0.04,0.01,9.01
26113,豆魚蛋肉類,海鮮類,竹莢魚,生食,,,,,1.05,-,0.28,0.87,0.04,0.01,2.25
21005,豆魚蛋肉類,羊肉類,羊頭,生食,,,,,25.64,0.04,0.34,0.25,0.05,0.09,26.41
21001,豆魚蛋肉類,羊肉類,羊肉,生食,,,,,31.58,0.05,0.28,0.2,0.04,0.01,32.16
21500,豆魚蛋肉類,羊肉類,羊肉排,生食,,,,,39.48,0.07,0.32,0.25,0.05,0.09,40.25
21517,豆魚蛋肉類,羊肉類,羊肋骨,生食,,,,,39.48,0.07,0.34,0.25,0.05,0.09,40.28
21003,豆魚蛋肉類,羊肉類,羊肩肉,生食,,,,,31.58,0.05,0.28,0.2,0.04,0.01,32.16
21515,豆魚蛋肉類,羊肉類,羊丁骨,生食,,,,,39.48,0.07,0.34,0.25,0.05,0.09,40.28
21520,豆魚蛋肉類,羊肉類,羊丁骨,熟食,烤,,,,49.88,0.09,0.43,0.32,0.06,0.22,51.01
21514,豆魚蛋肉類,羊肉類,羊脖,生食,,,,,39.48,0.07,0.34,0.25,0.05,0.09,40.28
21006,豆魚蛋肉類,羊肉類,羊腿肉,生食,,,,,39.48,0.07,0.34,0.25,0.05,0.09,40.28
21508,豆魚蛋肉類,羊肉類,羊頸肉,熟食,煮,,,,49.87,0.08,0.43,0.32,0.06,0.2,50.97
21512,豆魚蛋肉類,羊肉類,羊排骨,熟食,烤,,,,49.88,0.09,0.43,0.32,0.06,0.22,51.01
25541,豆魚蛋肉類,羊肉類,羊肉串,生食,,,,,49.87,0.15,0.35,0.26,0.05,0.09,50.77
21504,豆魚蛋肉類,羊肉類,羊肩肉,生食,,,,,31.58,0.05,0.28,0.2,0.04,0.01,32.16
21506,豆魚蛋肉類,羊肉類,羊肩肉,熟食,烤,,,,39.9,0.07,0.35,0.26,0.05,0.09,40.71
21501,豆魚蛋肉類,羊肉類,羊排,熟食,烤,,,,49.91,0.09,0.41,0.32,0.06,0.22,51.01
21004,豆魚蛋肉類,羊肉類,羊腳,生食,,,,,25.64,0.04,0.34,0.25,0.05,0.09,26.41
21519,豆魚蛋肉類,羊肉類,羊腿,熟食,煮,,,,49.87,0.08,0.43,0.32,0.06,0.2,50.97
21503,豆魚蛋肉類,羊肉類,羊腿,熟食,烤,,,,49.87,0.08,0.43,0.32,0.06,0.2,50.97
40202,豆魚蛋肉類,牛肉類,牛舌,生食,,,,,20.93,0.05,0.28,0.2,0.04,0.01,21.5
40205,豆魚蛋肉類,豬肉類,豬舌,生食,,,,,1.44,0.1,0.28,0.19,0.04,0.01,2.05
40600,豆魚蛋肉類,牛肉類,牛血,生食,,,,,26.16,0.07,0.23,0.25,0.05,0.09,26.84
10011,豆魚蛋肉類,海鮮類,牡蠣,生食,,,,,1.83,-,1.08,0.87,0.15,0.99,4.91
40118,豆魚蛋肉類,雞肉類,火雞肝,熟食,煮,,,,1.51,0.3,0.38,0.27,0.05,0.1,2.61
40102,豆魚蛋肉類,羊肉類,羊肝,生食,,,,,20.51,0.03,0.28,0.2,0.04,0.01,21.06
40103,豆魚蛋肉類,羊肉類,羊肝,熟食,煮,,,,28.11,0.05,0.38,0.27,0.05,0.1,28.95
40120,豆魚蛋肉類,鴨鵝類,鵝肝,生食,,,,,1.1,0.22,0.28,0.2,0.04,0.01,1.84
40121,豆魚蛋肉類,鴨鵝類,鵝肝,生食,,,,,1.1,0.22,0.28,0.2,0.04,0.01,1.84
40106,豆魚蛋肉類,牛肉類,小牛肝,生食,,,,,17.17,0.06,0.28,0.2,0.04,0.01,17.75
40105,豆魚蛋肉類,牛肉類,小牛肝,熟食,煮,,,,28.69,0.07,0.38,0.27,0.05,0.1,29.56
40115,豆魚蛋肉類,雞肉類,火雞肝,生食,,,,,1.1,0.22,0.28,0.2,0.04,0.01,1.84
40113,豆魚蛋肉類,豬肉類,豬肝,熟食,煮,,,,1.97,0.14,0.38,0.26,0.05,0.1,2.9
40111,豆魚蛋肉類,雞肉類,雞肝,生食,,,,,1.1,0.22,0.28,0.2,0.04,0.01,1.84
40116,豆魚蛋肉類,雞肉類,雞肝,熟食,煮,,,,1.51,0.3,0.38,0.27,0.05,0.1,2.61
40119,豆魚蛋肉類,豬肉類,豬肝,生食,,,,,1.44,0.1,0.28,0.19,0.04,0.01,2.05
26088,豆魚蛋肉類,海鮮類,金頭鯛,生食,,,,,11.27,-,0.28,1,0.04,0.01,12.59
26076,豆魚蛋肉類,海鮮類,長鰭鮪魚,生食,,,,,7.27,-,0.28,0.78,0.04,0.01,8.37
26077,豆魚蛋肉類,海鮮類,長鰭鮪魚,熟食,蒸,,,,8.87,-,0.34,0.96,0.05,0.09,10.31
26006,豆魚蛋肉類,海鮮類,鱈魚,生食,,,阿拉斯加,,9.32,-,0.28,1.17,0.04,0.01,10.81
36700,豆魚蛋肉類,雞肉類,珍珠雞,生食,,,,,5.18,1.03,0.34,0.29,0.05,0.09,6.97
36702,豆魚蛋肉類,雞肉類,珍珠雞胸肉,生食,,,,,5.18,1.08,0.28,0.24,0.04,0.01,6.82
36703,豆魚蛋肉類,雞肉類,珍珠雞腿肉,生食,,,,,5.18,1.03,0.34,0.29,0.05,0.09,6.97
10048,豆魚蛋肉類,海鮮類,扇貝,生食,,,美國,,4.9,1.18,0.78,2.69,0.04,0.05,9.64
26001,豆魚蛋肉類,海鮮類,鱸魚,生食,,,美國,,11.27,-,0.28,1,0.04,0.01,12.59
30051,豆魚蛋肉類,豬肉類,香腸,生食,,,,,4.24,0.25,0.23,0.2,0.04,0.01,4.96
10004,豆魚蛋肉類,海鮮類,扇貝,熟食,煮,,,,5.98,1.44,0.34,3.27,0.05,0.09,11.18
10024,豆魚蛋肉類,海鮮類,龍蝦,生食,,,挪威,,15.16,0.12,0.61,7.79,0.08,0.41,24.17
26154,豆魚蛋肉類,海鮮類,比目魚,生食,,,格陵蘭,,9.32,-,0.28,1.17,0.04,0.01,10.81
26127,豆魚蛋肉類,海鮮類,海鰻,生食,,,,,9.32,-,0.28,1.17,0.04,0.01,10.81
26092,豆魚蛋肉類,海鮮類,海鱒魚,生食,,,,,5.27,-,0.28,0.9,0.04,0.01,6.49
26136,豆魚蛋肉類,海鮮類,烤沙丁魚,熟食,烤,,,,0.86,-,0.23,1.1,0.05,0.09,2.33
28202,豆魚蛋肉類,豬肉類,烤豬裡肌肉,熟食,煮,,,,10.74,1.16,0.59,0.27,0.05,0.09,12.89
26081,豆魚蛋肉類,海鮮類,烤鮟鱇魚,熟食,烤,,,,11.38,-,0.23,1.43,0.05,0.09,13.18
21513,豆魚蛋肉類,羊肉類,羔羊丁骨,熟食,烤,,,,49.87,0.08,0.43,0.32,0.06,0.2,50.97
10059,豆魚蛋肉類,海鮮類,粉紅蝦,生食,,,,,19.57,-,0.61,1.12,0.08,0.41,21.79
36402,豆魚蛋肉類,雞肉類,放山雞肉,熟食,烤,,,,6.85,1.36,-,0.37,0.06,0.2,8.85
26030,豆魚蛋肉類,海鮮類,魚,熟食,炸,,,,6.87,0.15,0.28,0.88,0.04,0.09,8.32
26029,豆魚蛋肉類,海鮮類,魚,生食,,,,,6.57,0.59,0.27,0.84,0.07,0.11,8.45
26079,豆魚蛋肉類,海鮮類,鳳尾魚,生食,,,,,0.92,-,0.28,0.9,0.04,0.01,2.14
26248,豆魚蛋肉類,海鮮類,鰈目魚,熟食,烤,,,,6.53,-,0.23,1.28,0.05,0.09,8.17
27017,豆魚蛋肉類,海鮮類,牛頭魚,生食,,,,,11.27,-,0.28,1,0.04,0.01,12.59
25232,豆魚蛋肉類,豆類,植物性香腸,生食,,,,,0.44,1.08,0.23,0.24,0.04,0.09,2.12
28803,豆魚蛋肉類,豬肉類,火腿,熟食,煮,,,,5.72,0.48,0.48,0.21,0.04,0.01,6.92
40409,豆魚蛋肉類,牛肉類,小牛腎,生食,,,,,17.17,0.06,0.28,0.2,0.04,0.01,17.75
40404,豆魚蛋肉類,豬肉類,豬腰子,生食,,,,,1.44,0.1,0.28,0.19,0.04,0.01,2.05
10013,豆魚蛋肉類,海鮮類,貽貝,熟食,煮,,,,2.23,-,1.34,1.06,0.18,1.85,6.66
10014,豆魚蛋肉類,海鮮類,貽貝,生食,,,,,1.83,-,1.1,0.87,0.15,0.99,4.94
26064,豆魚蛋肉類,海鮮類,黃鰭鮪魚,生食,,,,,3.28,-,0.28,0.78,0.04,0.01,4.39
26122,豆魚蛋肉類,海鮮類,黑線鱈,生食,,,,,9.32,-,0.28,1.17,0.04,0.01,10.81
26126,豆魚蛋肉類,海鮮類,黑線鱈,熟食,烤,,,,11.39,0,0.22,1.43,0.05,0.12,13.21
26008,豆魚蛋肉類,海鮮類,黑線鱈,熟食,蒸,,,,11.38,-,0.23,1.43,0.05,0.09,13.18
26099,豆魚蛋肉類,海鮮類,黑鯛,生食,,,,,5.35,-,0.28,1.05,0.04,0.01,6.71
8111,豆魚蛋肉類,鴨鵝類,鴨胸肉,熟食,煙燻,,,,6.85,1.43,0.36,0.32,0.05,0.56,9.57
40006,豆魚蛋肉類,牛肉類,小牛腦,生食,,,,,17.17,0.06,0.28,0.2,0.04,0.01,17.75
40002,豆魚蛋肉類,羊肉類,羊腦,生食,,,,,20.51,0.03,0.28,0.2,0.04,0.01,21.06
40003,豆魚蛋肉類,羊肉類,羊腦,熟食,煮,,,,28.11,0.05,0.38,0.27,0.05,0.1,28.95
40005,豆魚蛋肉類,豬肉類,豬腦,生食,,,,,1.44,0.1,0.28,0.19,0.04,0.01,2.05
40004,豆魚蛋肉類,豬肉類,豬腦,熟食,煮,,,,1.97,0.14,0.38,0.26,0.05,0.1,2.9
40402,豆魚蛋肉類,牛肉類,牛腰子,生食,,,,,20.93,0.05,0.28,0.2,0.04,0.01,21.5
40403,豆魚蛋肉類,牛肉類,牛腰子,熟食,煮,,,,28.69,0.07,0.38,0.27,0.05,0.1,29.56
40407,豆魚蛋肉類,羊肉類,羊腰子,生食,,,,,20.51,0.03,0.28,0.2,0.04,0.01,21.06
40406,豆魚蛋肉類,羊肉類,羊腰子,熟食,煮,,,,28.11,0.05,0.38,0.27,0.05,0.1,28.95
40405,豆魚蛋肉類,豬肉類,豬腰子,熟食,煮,,,,1.97,0.14,0.38,0.26,0.05,0.1,2.9
40408,豆魚蛋肉類,牛肉類,小牛腰子,熟食,炒,,,,23.55,0.08,0.38,0.28,0.05,0.13,24.46
6260,豆魚蛋肉類,豬肉類,漢堡肉,生食,,,,,15.47,0.28,0.27,0.21,0.04,0.01,16.27
26082,豆魚蛋肉類,海鮮類,劍魚,生食,,,,,3.13,-,0.28,0.78,0.04,0.01,4.24
26093,豆魚蛋肉類,海鮮類,劍魚,熟食,烤,,,,3.82,-,0.23,0.96,0.05,0.09,5.15
10036,豆魚蛋肉類,海鮮類,生蠔,生食,,,歐洲,,1.83,-,1.08,0.87,0.15,0.99,4.91
26065,豆魚蛋肉類,海鮮類,沙丁魚,生食,,,,,0.71,-,0.28,0.9,0.04,0.01,1.93
27010,豆魚蛋肉類,海鮮類,鱸魚,生食,,,歐洲,,3.91,-,0.28,0.9,0.04,0.01,5.13
27030,豆魚蛋肉類,海鮮類,鱸魚,熟食,烤,,歐洲,,13.76,-,0.23,1.22,0.05,0.09,15.35
30790,豆魚蛋肉類,豬肉類,香腸,熟食,,,,,7.12,0.89,0.61,0.21,0.04,0.09,8.96
28911,豆魚蛋肉類,豬肉類,豬肩肉,熟食,,,,,5.72,0.48,0.48,0.21,0.04,0.01,6.92
10038,豆魚蛋肉類,海鮮類,蝦,生食,,冷凍,,,11.71,0.53,0.37,0.61,0.07,0.45,13.73
10007,豆魚蛋肉類,海鮮類,蝦,熟食,煮,,,,23.86,-,0.7,1.37,0.1,0.41,26.44
28460,豆魚蛋肉類,豬肉類,火腿片,生食,,,,,8.5,0.92,0.46,0.21,0.04,0.01,10.14
28471,豆魚蛋肉類,豬肉類,豬肉,生食,,,,,5.42,0.28,0.28,0.2,0.04,0.01,6.22
28002,豆魚蛋肉類,豬肉類,豬肚皮,生食,,,,,8.5,0.92,0.46,0.21,0.04,0.01,10.14
28001,豆魚蛋肉類,豬肉類,豬肩肉,生食,,,,,6.8,0.69,0.38,0.21,0.04,0.01,8.13
28010,豆魚蛋肉類,豬肉類,豬肩肉,熟食,煮,,,,8.59,0.88,0.48,0.26,0.05,0.09,10.35
28004,豆魚蛋肉類,豬肉類,豬小腿肉,生食,,,,,8.5,0.87,0.47,0.26,0.05,0.09,10.24
28104,豆魚蛋肉類,豬肉類,豬鞍架,生食,,,,,8.5,0.87,0.47,0.26,0.05,0.09,10.24
28105,豆魚蛋肉類,豬肉類,豬鞍架,熟食,煮,,,,10.74,1.1,0.6,0.33,0.06,0.2,13.02
28301,豆魚蛋肉類,豬肉類,豬肉,熟食,烤,,,,10.74,1.16,0.59,0.27,0.05,0.09,12.89
28100,豆魚蛋肉類,豬肉類,豬排骨,生食,,,,,8.5,0.87,0.47,0.26,0.05,0.09,10.24
28401,豆魚蛋肉類,豬肉類,豬排骨,熟食,煮,,,,10.74,1.1,0.6,0.33,0.06,0.2,13.02
28101,豆魚蛋肉類,豬肉類,豬排骨,熟食,烤,,,,10.74,1.1,0.6,0.33,0.06,0.2,13.02
28102,豆魚蛋肉類,豬肉類,豬排,生食,,,,,8.5,0.92,0.46,0.21,0.04,0.01,10.14
28103,豆魚蛋肉類,豬肉類,豬排,熟食,煮,,,,10.74,1.16,0.59,0.27,0.05,0.09,12.89
28473,豆魚蛋肉類,豬肉類,豬腿肉,生食,,,,,10.63,1.15,0.58,0.27,0.05,0.09,12.75
28461,豆魚蛋肉類,豬肉類,火腿,熟食,煮,,,,10.74,1.16,0.59,0.27,0.05,0.09,12.89
28400,豆魚蛋肉類,豬肉類,豬排骨,生食,,,,,8.5,0.87,0.47,0.26,0.05,0.09,10.24
28451,豆魚蛋肉類,豬肉類,豬裡肌肉,熟食,烤,,,,10.74,1.16,0.59,0.27,0.05,0.09,12.89
25566,豆魚蛋肉類,豬肉類,豬肉串,生食,,,,,5.41,0.56,0.53,0.25,0.04,0.01,6.79
28003,豆魚蛋肉類,豬肉類,豬腰肉,生食,,,,,8.5,0.92,0.46,0.21,0.04,0.01,10.14
28007,豆魚蛋肉類,豬肉類,豬腰肉,熟食,煮,,,,10.74,1.16,0.59,0.27,0.05,0.09,12.89
28203,豆魚蛋肉類,豬肉類,豬裡肌肉,熟食,煮,,,,10.74,1.16,0.59,0.27,0.05,0.09,12.89
28201,豆魚蛋肉類,豬肉類,豬裡肌肉,生食,,,,,8.5,0.92,0.46,0.21,0.04,0.01,10.14
10037,豆魚蛋肉類,海鮮類,魷魚,熟食,煮,,,,5.17,-,0.34,0.78,0.05,0.2,6.53
10001,豆魚蛋肉類,海鮮類,魷魚,生食,,,,,4.24,-,0.38,0.64,0.04,0.41,5.7
10084,豆魚蛋肉類,海鮮類,魷魚,熟食,炸,,,,5.19,0,0.34,0.78,0.05,0.12,6.46
10002,豆魚蛋肉類,海鮮類,透抽,生食,,,,,4.24,-,0.38,0.64,0.04,0.41,5.7
10003,豆魚蛋肉類,海鮮類,中卷,生食,,,,,4.24,-,0.38,0.64,0.04,0.41,5.7
10025,豆魚蛋肉類,海鮮類,螃蟹,熟食,煮,,,,15.4,12.4,-,1.14,0.17,1.85,30.96
36203,豆魚蛋肉類,鴨鵝類,鴨腿肉,生食,,,,,5.18,1.03,0.34,0.29,0.05,0.09,6.97
36201,豆魚蛋肉類,鴨鵝類,鴨肉,生食,,,,,5.18,1.03,0.34,0.29,0.05,0.09,6.97
36202,豆魚蛋肉類,鴨鵝類,鴨肉,熟食,烤,,,,6.85,1.36,0.46,0.38,0.06,0.2,9.32
36206,豆魚蛋肉類,鴨鵝類,鴨胸肉,生食,,,,,6.85,1.43,0.36,0.32,0.05,0.09,9.11
22060,豆魚蛋肉類,鴨鵝類,鴨蛋,生食,,,,,2.79,-,0.12,0.17,0.01,0.08,3.17
10009,豆魚蛋肉類,海鮮類,龍蝦,熟食,煮,,,,24.19,0.19,-,12.39,0.13,1.43,38.33
26053,豆魚蛋肉類,海鮮類,鮪魚,生食,,,,,3.28,-,0.28,0.78,0.04,0.01,4.39
26041,豆魚蛋肉類,海鮮類,鮪魚,熟食,烤,,,,4.01,-,0.23,0.96,0.05,0.09,5.33
26036,豆魚蛋肉類,海鮮類,鮭魚,生食,,,,,4.64,0.03,0.28,0.78,0.04,0.01,5.77
26229,豆魚蛋肉類,海鮮類,鮭魚,熟食,烤,,,,5.67,0.04,0.22,0.96,0.05,0.12,7.05
26038,豆魚蛋肉類,海鮮類,鮭魚,熟食,蒸,,,,5.66,0.04,0.23,0.96,0.05,0.09,7.02
27021,豆魚蛋肉類,海鮮類,鱒魚,生食,,,,,5.27,-,0.28,0.9,0.04,0.01,6.49
36602,豆魚蛋肉類,鴨鵝類,鴿子肉,熟食,烤,,,,6.85,1.36,0.46,0.38,0.06,0.2,9.32
25089,豆魚蛋肉類,牛肉類,藍帶牛排,熟食,烤,,,,4.52,1,0.28,0.28,0.04,0.09,6.2
36031,豆魚蛋肉類,雞肉類,雞腿肉,熟食,煮,,,,6.85,1.36,0.46,0.38,0.06,0.2,9.32
36002,豆魚蛋肉類,雞肉類,雞腿肉,生食,,,,,5.18,1.03,0.34,0.29,0.05,0.09,6.97
36004,豆魚蛋肉類,雞肉類,雞腿肉,熟食,烤,,,,6.85,1.36,0.46,0.38,0.06,0.2,9.32
36016,豆魚蛋肉類,雞肉類,雞肉,生食,,,,,4.14,0.82,0.28,0.23,0.04,0.01,5.52
36005,豆魚蛋肉類,雞肉類,雞肉,熟食,烤,,,,5.48,1.09,0.36,0.31,0.05,0.09,7.39
40700,豆魚蛋肉類,雞肉類,雞胗,生食,,,,,1.1,0.22,0.28,0.2,0.04,0.01,1.84
36035,豆魚蛋肉類,雞肉類,雞翅,熟食,烤,,,,5.23,1.04,0.35,0.29,0.05,0.17,7.13
36017,豆魚蛋肉類,雞肉類,雞胸肉,生食,,,,,5.18,1.08,0.28,0.24,0.04,0.01,6.82
36018,豆魚蛋肉類,雞肉類,雞胸肉,熟食,煮,,,,6.85,1.43,0.36,0.32,0.05,0.09,9.11
22000,豆魚蛋肉類,雞肉類,雞蛋,生食,,,,,2.79,-,0.12,0.17,0.01,0.08,3.17
36030,豆魚蛋肉類,雞肉類,雞腿肉,熟食,煮,,,,6.85,1.36,0.46,0.38,0.06,0.2,9.32
36006,豆魚蛋肉類,雞肉類,雞腿肉,熟食,烤,,,,6.85,1.36,0.46,0.38,0.06,0.2,9.32
27003,豆魚蛋肉類,海鮮類,鯉魚,生食,,,,,5.27,-,0.28,0.9,0.04,0.01,6.49
27004,豆魚蛋肉類,海鮮類,鯉魚,熟食,烤,,,,6.43,-,0.23,1.1,0.05,0.09,7.9
26162,豆魚蛋肉類,海鮮類,鯊魚,生食,,,,,9.32,-,0.28,1.17,0.04,0.01,10.81
36501,豆魚蛋肉類,鴨鵝類,鵝肉,生食,,,,,5.18,1.03,0.34,0.29,0.05,0.09,6.97
36503,豆魚蛋肉類,鴨鵝類,鵝肉,熟食,烤,,,,6.85,1.36,0.46,0.38,0.06,0.2,9.32
8326,豆魚蛋肉類,鴨鵝類,鵝肝醬,熟食,,,,,4.17,0.54,0.33,0.13,0.02,0.01,5.19
22070,豆魚蛋肉類,鴨鵝類,鵝蛋,生食,,,,,2.79,-,0.12,0.17,0.01,0.08,3.17
26091,豆魚蛋肉類,海鮮類,鯔魚,生食,,,,,9.32,-,0.28,1.17,0.04,0.01,10.81
26244,豆魚蛋肉類,海鮮類,鯔魚,生食,,冷凍,泰國,,5.35,0.46,0.27,1.36,0.07,0.03,7.53
26051,豆魚蛋肉類,海鮮類,鯖魚,生食,,,,,1.05,-,0.28,0.87,0.04,0.01,2.25
26020,豆魚蛋肉類,海鮮類,鯖魚,熟食,炸,,,,1.3,0,0.22,1.07,0.05,0.12,2.75
26019,豆魚蛋肉類,海鮮類,鯖魚,熟食,烤,,,,1.29,-,0.23,1.07,0.05,0.09,2.72
26146,豆魚蛋肉類,海鮮類,鯛魚,生食,,,,,3.13,-,0.28,0.78,0.04,0.01,4.24
26147,豆魚蛋肉類,海鮮類,鯛魚,熟食,煮,,,,3.82,-,0.23,0.96,0.05,0.09,5.15
36102,豆魚蛋肉類,鴨鵝類,鵪鶉,熟食,煮,,,,6.85,1.36,0.46,0.38,0.06,0.2,9.32
25598,豆魚蛋肉類,豆類,麵筋,熟食,,,,,0.08,0.82,0.1,0.18,0.03,0.09,1.29
26101,豆魚蛋肉類,海鮮類,鰹魚,生食,,,,,7.27,-,0.28,0.78,0.04,0.01,8.37
26024,豆魚蛋肉類,海鮮類,鱈魚,熟食,煮,,,,11.38,-,0.23,1.43,0.05,0.09,13.18
26043,豆魚蛋肉類,海鮮類,鱈魚,生食,,,,,9.32,-,0.28,1.17,0.04,0.01,10.81
26095,豆魚蛋肉類,海鮮類,鱈魚,生食,,,,,9.32,-,0.28,1.17,0.04,0.01,10.81
26021,豆魚蛋肉類,海鮮類,鱈魚,熟食,炸,,,,11.39,0,0.22,1.43,0.05,0.12,13.21
26023,豆魚蛋肉類,海鮮類,鱈魚,熟食,烤,,,,11.38,-,0.23,1.43,0.05,0.09,13.18
26022,豆魚蛋肉類,海鮮類,鱈魚,熟食,蒸,,,,11.38,-,0.23,1.43,0.05,0.09,13.18
26048,豆魚蛋肉類,海鮮類,鱈魚片,生食,,冷凍,,,5.36,0.46,0.27,1.08,0.07,0.03,7.27
27006,豆魚蛋肉類,海鮮類,鱒魚,熟食,烤,,,,5.85,-,0.23,1.02,0.05,0.09,7.24
27007,豆魚蛋肉類,海鮮類,鱒魚,熟食,蒸,,,,5.85,-,0.23,1.02,0.05,0.09,7.24
27008,豆魚蛋肉類,海鮮類,鱒魚,生食,,,,,4.79,-,0.28,0.84,0.04,0.01,5.95
20203,豆魚蛋肉類,豆類,黃豆,生食,,冷凍,,,0.12,0.12,0.26,0.22,0.07,0.03,0.81
20206,豆魚蛋肉類,豆類,毛豆,生食,,,,,0.12,0.12,0.26,0.22,0.07,0.03,0.81
20904,豆魚蛋肉類,豆類,豆腐,生食,,,,,0.08,0.15,0.19,0.19,0.04,0.02,0.66
20905,豆魚蛋肉類,豆類,豆乾,熟食,,,,,0.08,0.2,0.19,0.19,0.04,0.05,0.75
20906,豆魚蛋肉類,豆類,豆乾絲,熟食,,,,,0.08,0.2,0.19,0.19,0.04,0.05,"0,75"
19023,乳品類,奶類,全脂牛奶,熟食,,,,,1.11,0.01,0.15,0.2,0.02,-,1.49
19060,乳品類,奶類,低脂牛奶,熟食,,,,,0.93,0.01,0.15,0.2,0.02,-,1.31
19801,乳品類,奶類,優酪乳,熟食,,,,,0.93,0.01,0.18,0.2,0.04,0.01,1.36
15026,油脂與堅果種子類,堅果類,山核桃,生食,,,,,3.01,0.19,0.27,0.16,0.02,-,3.65
15008,油脂與堅果種子類,堅果類,巴西堅果,生食,,,,,6.21,0.19,0.27,0.66,0.02,-,7.35
15041,油脂與堅果種子類,堅果類,杏仁,熟食,燙,,,,1.89,0.19,0.27,0.32,0.02,-,2.69
15042,油脂與堅果種子類,堅果類,鹹味杏仁,熟食,烤,,,,1.89,0.19,0.27,0.32,0.02,-,2.69
15000,油脂與堅果種子類,堅果類,杏仁,生食,,,,,1.89,0.19,0.27,0.32,0.02,-,2.69
15052,油脂與堅果種子類,堅果類,亞麻籽,熟食,,,,,0.42,1.92,0.53,0.36,0.05,0.32,3.59
15047,油脂與堅果種子類,堅果類,奇亞籽,熟食,,,,,2.34,-,0.53,0.26,0.05,0.32,3.5
15025,油脂與堅果種子類,堅果類,松子,生食,,,,,3.52,0.19,0.27,0.16,0.02,-,4.16
15020,油脂與堅果種子類,堅果類,板栗,熟食,煮,,,,1.5,-,0.48,0.19,0.02,-,2.19
15035,油脂與堅果種子類,堅果類,芝麻,生食,,,,,3.78,-,0.53,0.51,0.05,0.32,5.18
15038,油脂與堅果種子類,堅果類,芝麻,熟食,烤,,,,3.78,-,0.53,0.51,0.05,0.32,5.18
15203,油脂與堅果種子類,堅果類,芝麻醬,熟食,,,,,1.61,0.57,0.28,0.29,0.02,-,2.78
15001,油脂與堅果種子類,堅果類,花生,生食,,,,,3.52,0.19,0.27,0.16,0.02,-,4.16
20581,油脂與堅果種子類,堅果類,鹽味花生,熟食,煮,,,,3.52,0.19,0.35,0.16,0.02,0.01,4.25
15037,油脂與堅果種子類,堅果類,花生,熟食,烤,,,,3.52,0.19,0.27,0.16,0.02,-,4.16
15202,油脂與堅果種子類,堅果類,花生醬,熟食,,,,,1.75,0.51,0.33,0.25,0.03,0.32,3.19
15024,油脂與堅果種子類,堅果類,栗子,生食,,,,,1.67,-,-,0.15,0.03,0.04,1.88
15021,油脂與堅果種子類,堅果類,栗子,熟食,烤,,,,1.5,-,0.27,0.14,0.02,-,1.94
15005,油脂與堅果種子類,堅果類,核桃乾,熟食,,,,,3.01,-,0.53,0.26,0.05,0.32,4.16
15023,油脂與堅果種子類,堅果類,核桃,生食,,,,,3.01,-,0.53,0.26,0.05,0.32,4.16
15009,油脂與堅果種子類,堅果類,鹽味開心果,熟食,烤,,,,5.78,-,0.53,0.58,0.05,0.32,7.26
15044,油脂與堅果種子類,堅果類,開心果,熟食,烤,,,,5.78,-,0.53,0.58,0.05,0.32,7.26
15010,油脂與堅果種子類,堅果類,黑芝麻,生食,,,,,3.78,-,0.53,0.51,0.05,0.32,5.18
15019,油脂與堅果種子類,堅果類,鹽味腰果,熟食,烤,,,,2.59,0.19,0.35,0.45,0.02,-,3.61
15011,油脂與堅果種子類,堅果類,葵花籽,生食,,,,,2.02,0.02,0.53,0.31,0.05,0.32,3.25
15045,油脂與堅果種子類,堅果類,鹽味葵花籽,熟食,烤,,,,2.02,0.02,0.53,0.31,0.05,0.32,3.25
15004,油脂與堅果種子類,堅果類,榛果,生食,,,,,4.19,0.19,-,0.25,0.02,-,4.65
15050,油脂與堅果種子類,堅果類,鹽味榛果,熟食,烤,,,,4.19,0.19,0.27,0.25,0.02,-,4.92
15033,油脂與堅果種子類,堅果類,榛果,熟食,烤,,,,4.19,0.19,0.27,0.25,0.02,-,4.92
15043,油脂與堅果種子類,堅果類,堅果,熟食,烤,,澳洲,,3.01,0.19,0.27,0.16,0.02,-,3.65
16400,油脂與堅果種子類,油脂類,無鹽奶油,熟食,,,,,7.28,0.05,0.18,0.23,0.04,0.01,7.79
16402,油脂與堅果種子類,油脂類,微鹽奶油,熟食,,,,,7.21,0.06,0.18,0.23,0.04,0.01,7.73
16403,油脂與堅果種子類,油脂類,加鹽奶油,熟食,,,,,7.21,0.06,0.18,0.23,0.04,0.01,7.73
25970,湯品類,肉類,玉米濃湯,熟食,,冷凍,,,0.05,0.24,0.1,0.22,0.04,0.02,0.67
25914,湯品類,蔬菜類,鮮蔬羅宋湯,熟食,,冷凍,,,0.03,0.14,0.1,0.12,0.02,0.01,0.42
25936,湯品類,蔬菜類,蘑菇濃湯,熟食,,冷凍,,,2.65,0.46,0.1,0.36,0.02,0.01,3.6
25942,湯品類,蔬菜類,洋蔥濃湯,熟食,,冷凍,,,1.07,0.59,0.1,0.44,0.02,0.01,2.23
25954,湯品類,蔬菜類,南瓜濃湯,熟食,,冷凍,,,0.3,0.18,0.1,0.13,0.02,0.01,0.74
25915,湯品類,肉類,牛肉清湯,熟食,,冷凍,,,3.46,0.25,0.1,0.12,0.02,0.3,4.25
25971,湯品類,肉類,酥皮濃湯,熟食,,冷凍,,,5.61,0.49,0.2,0.44,0.08,0.02,6.84
2075,飲品類,飲品類,冬瓜茶,熟食,,,,,0.2,0.09,0.1,0.12,0.02,0.01,0.54
2012,飲品類,飲品類,柳橙汁,熟食,,,,,0.14,0.54,0.07,0.34,0.01,-,1.1
18151,飲品類,飲品類,奶茶,熟食,,,,,0.41,0.06,0.01,0.01,0,0.01,0.5
18154,飲品類,飲品類,紅茶,熟食,,,,,0.02,-,0,0,0,0.01,0.03
18155,飲品類,飲品類,綠茶,熟食,,,,,0.02,-,0,0,0,0.01,0.03
18018,飲品類,飲品類,可樂,熟食,,,,,0.06,0.03,0.18,0.01,0.04,0.01,0.33
20221,蔬菜類,葉菜類,高麗菜,熟食,煮,,,,0.42,-,0.31,0.33,0.02,0.21,1.29
20221,蔬菜類,葉菜類,大白菜,熟食,煮,,,,0.42,-,0.31,0.33,0.02,0.21,1.29
20901,蔬菜類,豆類,大豆,生食,,,,,1.02,0.01,0.27,0.25,0.02,-,1.56
20094,蔬菜類,葉菜類,大頭菜,熟食,煮,,,,0.42,-,0.28,0.33,0.01,0.2,1.24
20265,蔬菜類,葉菜類,蔬菜丁,生食,,冷凍,,,0.13,0.11,0.18,0.22,0.07,0.03,0.73
20167,蔬菜類,葉菜類,高麗菜,生食,,,,,0.36,-,-,0.27,0.02,0.21,0.86
20167,蔬菜類,葉菜類,大白菜,生食,,,,,0.36,-,-,0.27,0.02,0.21,0.86
20031,蔬菜類,葉菜類,生菜,生食,,,,,0.3,-,-,0.36,0.06,0.21,0.94
20116,蔬菜類,葉菜類,白捲心菜,生食,,,,,0.29,-,-,0.27,0.02,0.08,0.66
20198,蔬菜類,根莖類,竹筍,生食,,,,,0.7,-,-,0.27,0.02,0.08,1.07
20218,蔬菜類,葉菜類,羽衣甘藍,生食,,,,,0.36,-,-,0.27,0.02,0.08,0.73
20219,蔬菜類,葉菜類,羽衣甘藍,熟食,煮,,,,0.42,-,0.28,0.33,0.02,0.2,1.25
20020,蔬菜類,瓜果類,櫛瓜,生食,,,,,0.2,-,-,0.24,0.01,0.03,0.48
20230,蔬菜類,瓜果類,櫛瓜,生食,,冷凍,,,0.18,0.09,0.26,0.21,0.07,0.03,0.84
20021,蔬菜類,瓜果類,櫛瓜,熟食,煮,,,,0.23,-,0.24,0.3,0.02,0.13,0.92
20205,蔬菜類,葉菜類,綠花椰菜,熟食,煮,冷凍,,,0.55,0.14,0.31,0.25,0.08,0.12,1.46
20204,蔬菜類,葉菜類,綠花椰菜,生食,,冷凍,,,0.47,0.12,0.26,0.22,0.07,0.03,1.17
20006,蔬菜類,葉菜類,綠花椰菜,熟食,煮,,,,0.54,-,0.24,0.3,0.03,0.18,1.28
20058,蔬菜類,葉菜類,抱子甘藍,生食,,,,,0.31,-,-,0.24,0.02,0.01,0.58
20013,蔬菜類,葉菜類,抱子甘藍,熟食,煮,,,,0.37,-,0.24,0.3,0.02,0.13,1.06
20016,蔬菜類,葉菜類,白花椰菜,生食,,,,,0.36,-,-,0.27,0.03,0.08,0.74
20122,蔬菜類,葉菜類,白花椰菜,熟食,煮,冷凍,,,0.38,0.14,0.31,0.25,0.08,0.12,1.28
20082,蔬菜類,葉菜類,白花椰菜,生食,,冷凍,,,0.32,0.12,0.26,0.22,0.07,0.03,1.02
20017,蔬菜類,葉菜類,白花椰菜,熟食,煮,,,,0.37,-,0.24,0.3,0.03,0.18,1.11
20025,蔬菜類,葉菜類,芹菜葉,熟食,煮,,,,0.11,-,0.28,0.33,0.01,0.2,0.93
20023,蔬菜類,根莖類,芹菜莖,生食,,,,,0.43,-,-,0.23,0.01,0.01,0.68
20024,蔬菜類,根莖類,芹菜莖,熟食,煮,,,,0.5,-,0.23,0.28,0.01,0.11,1.13
20097,蔬菜類,葉菜類,青蔥,生食,,,,,0.08,-,-,0.24,0.01,0.03,0.36
20255,蔬菜類,葉菜類,青蔥,熟食,煮,,,,0.1,-,0.38,0.3,0.01,0.14,0.92
20269,蔬菜類,豆類,扁豆,生食,,,,,0.13,-,-,0.27,0.02,0.08,0.51
20505,蔬菜類,豆類,扁豆,熟食,煮,,,,0.17,-,0.11,0.08,0.03,0.01,0.4
20267,蔬菜類,葉菜類,蔬菜,生食,,冷凍,,,0.97,0.1,0.18,0.21,0.07,0.03,1.55
20034,蔬菜類,葉菜類,洋蔥,生食,,,,,0.1,-,-,0.25,0.01,0.03,0.39
20235,蔬菜類,葉菜類,洋蔥,生食,,冷凍,,,0.13,0.09,0.26,0.34,0.07,0.03,0.92
20035,蔬菜類,葉菜類,洋蔥,熟食,煮,,,,0.12,-,0.26,0.3,0.01,0.14,0.83
58103,蔬菜類,葉菜類,秋葵,熟食,煮,,,,0.57,-,0.28,0.53,0.03,0.2,1.6
20014,蔬菜類,葉菜類,紫高麗菜,生食,,,,,0.37,-,-,0.27,0.02,0.21,0.86
20095,蔬菜類,葉菜類,紫高麗菜,熟食,煮,,,,0.43,-,0.31,0.33,0.02,0.21,1.3
26257,蔬菜類,根莖類,紅蘿蔔絲,生食,,,,,0.08,0.21,0.16,0.47,0.07,0.01,0.99
20009,蔬菜類,根莖類,紅蘿蔔,生食,,,,,0.08,-,-,0.24,0.01,0.03,0.36
20209,蔬菜類,根莖類,紅蘿蔔,熟食,,冷凍,,,0.09,0.11,0.31,0.25,0.08,0.12,0.95
20208,蔬菜類,根莖類,紅蘿蔔,生食,,冷凍,,,0.07,0.09,0.26,0.21,0.07,0.03,0.73
20261,蔬菜類,根莖類,紅蘿蔔泥,生食,,,,,0.09,-,0.27,0.27,0.01,0.02,0.67
15029,蔬菜類,葉菜類,苜蓿芽,生食,,,,,2.34,-,0.53,0.26,0.05,0.32,3.5
20053,蔬菜類,瓜果類,茄子,生食,,,,,0.2,-,-,0.24,0.01,0.01,0.46
20002,蔬菜類,瓜果類,茄子,熟食,煮,,,,0.21,-,0.23,0.28,0.02,0.11,0.84
20039,蔬菜類,葉菜類,韭菜,生食,,,,,0.4,-,-,0.27,0.01,0.08,0.77
20236,蔬菜類,葉菜類,韭菜,生食,,冷凍,,,0.36,0.12,0.26,0.22,0.07,0.03,1.06
20040,蔬菜類,葉菜類,韭菜,熟食,煮,,,,0.47,-,0.28,0.33,0.01,0.2,1.3
20200,蔬菜類,葉菜類,美生菜,生食,,,,,0.26,-,-,0.36,0.06,0.21,0.9
20201,蔬菜類,葉菜類,蘿蔓,生食,,,,,0.3,0,0,0.36,0.21,0.23,1.1
20101,蔬菜類,葉菜類,冷凍蔬菜,生食,,冷凍,,,0.97,0.1,0.18,0.21,0.07,0.03,1.54
20271,蔬菜類,葉菜類,冷凍蔬菜丁,生食,,冷凍,,,0.2,0.09,0.18,0.2,0.07,0.04,0.77
20049,蔬菜類,根莖類,甜玉米,熟食,煮,,,,0.63,-,0.28,0.33,0.01,0.2,1.45
20233,蔬菜類,根莖類,甜玉米,生食,,,,,0.39,0.07,0.26,0.19,0.07,0.03,1.01
20108,蔬菜類,根莖類,甜玉米,生食,,冷凍,,,0.39,0.07,0.26,0.19,0.07,0.03,1.01
20087,蔬菜類,瓜果類,紅甜椒,生食,,,,,0.76,-,-,0.33,0.02,0.08,1.18
20088,蔬菜類,瓜果類,紅甜椒,熟食,煮,,,,0.88,-,0.28,0.39,0.02,0.2,1.78
20168,蔬菜類,瓜果類,黃甜椒,生食,,,,,0.76,-,-,0.33,0.02,0.08,1.18
20085,蔬菜類,瓜果類,青椒,生食,,,,,0.76,-,-,0.33,0.02,0.08,1.18
20086,蔬菜類,瓜果類,青椒,熟食,煮,,,,0.88,-,0.28,0.39,0.02,0.2,1.78
20173,蔬菜類,豆類,荷蘭豆,生食,,,,,0.53,-,-,0.27,0.03,0.08,0.91
20216,蔬菜類,豆類,荷蘭豆,熟食,煮,,,,0.62,-,0.28,0.33,0.03,0.2,1.47
20047_1,蔬菜類,瓜果類,番茄,生食,,,,,0.31,-,-,0.29,0.02,0.08,0.7
20242,蔬菜類,瓜果類,番茄,熟食,煮,,,,0.37,-,0.28,0.36,0.02,0.21,1.23
20289,蔬菜類,瓜果類,番茄,熟食,烤,,,,0.37,-,0.28,0.36,0.02,0.19,1.21
20047_3,蔬菜類,瓜果類,番茄,生食,,,,非當季,1.55,-,-,0.31,0.02,0.08,1.96
20047_2,蔬菜類,瓜果類,番茄,生食,,,,當季,0.21,-,-,0.27,0.02,0.08,0.58
20170,蔬菜類,瓜果類,番茄泥,熟食,,,,,0.12,0.12,0.17,0.23,0.02,0.01,0.67
20169,蔬菜類,瓜果類,番茄漿,熟食,,,,,0.15,0.15,0.21,0.29,0.02,0.09,0.91
20068,蔬菜類,瓜果類,番茄醬,熟食,,,,,0.98,1.08,0.17,0.57,0.02,-,2.82
20059,蔬菜類,葉菜類,菠菜,生食,,,,,0.12,0.1,0.1,0.23,0.04,0.01,0.6
20121,蔬菜類,葉菜類,菠菜,熟食,,冷凍,,,0.12,0.09,0.31,0.25,0.08,0.12,0.97
20083,蔬菜類,葉菜類,菠菜,生食,,冷凍,,,0.11,0.08,0.26,0.21,0.07,0.03,0.75
20027,蔬菜類,葉菜類,菠菜,熟食,,,,,0.14,-,0.23,0.28,0.04,0.12,0.8
20019,蔬菜類,瓜果類,小黃瓜,生食,,,,,0.19,-,-,0.24,0.01,0.03,0.47
20090,蔬菜類,葉菜類,萵苣,生食,,,,,0.3,-,-,0.36,0.21,0.23,1.1
20183,蔬菜類,葉菜類,豆芽菜,生食,,,,,0.53,-,-,0.22,0.02,-,0.77
20057,蔬菜類,葉菜類,綠花椰菜,生食,,,,,0.52,-,-,0.27,0.03,0.08,0.9
20587,蔬菜類,豆類,綠扁豆,熟食,煮,,,,0.17,-,0.11,0.08,0.03,0.01,0.4
20151,蔬菜類,葉菜類,辣椒,生食,,,,,0.76,-,-,0.33,0.02,0.08,1.18
20282,蔬菜類,葉菜類,白蘆筍,生食,,,,,0.94,-,-,0.38,0.02,0.21,1.56
20001,蔬菜類,葉菜類,綠蘆筍,熟食,煮,,,,1.09,-,0.34,0.46,0.03,0.32,2.25
20279,蔬菜類,葉菜類,綠蘆筍,生食,,,,,0.94,-,-,0.38,0.02,0.21,1.56
20045,蔬菜類,根莖類,白蘿蔔,生食,,,,,0.36,-,-,0.23,0.01,0.01,0.6
20234,蔬菜類,根莖類,白蘿蔔,生食,,冷凍,,,0.07,0.09,0.26,0.21,0.07,0.03,0.73
20033,蔬菜類,根莖類,白蘿蔔,熟食,,,,,0.1,-,0.26,0.3,0.01,0.14,0.8
20272,蔬菜類,葉菜類,沙拉,生食,,,,,0.3,-,-,0.36,0.21,0.23,1.1
30001,蔬菜類,葉菜類,空心菜,生食,,,,,0.12,0.1,0.1,0.23,0.04,0.01,0.6
30002,蔬菜類,葉菜類,地瓜葉,生食,,,,,0.12,0.1,0.1,0.23,0.04,0.01,0.6
30003,蔬菜類,葉菜類,水蓮,生食,,,,,0.12,0.1,0.1,0.23,0.04,0.01,0.6
30004,蔬菜類,葉菜類,青江菜,生食,,,,,0.12,0.1,0.1,0.23,0.04,0.01,0.6
20275,蔬菜類,菌菇類,蘑菇,生食,,,,,0.7,0.05,0.3,0.3,0.02,0.1,1.47
20276,蔬菜類,菌菇類,香菇,生食,,,,,0.7,0.05,0.3,0.3,0.02,0.1,1.47
20277,蔬菜類,菌菇類,金針菇,生食,,,,,0.7,0.05,0.3,0.3,0.02,0.1,1.47
11074,蔬菜類,根莖類,薑,生食,,,,,0.16,-,-,0.28,0.02,-,0.45
11000,蔬菜類,根莖類,大蒜,生食,,,,,0.08,-,-,0.17,0.02,0.08,0.36
28477,豆魚蛋肉類,豬肉類,豬肩肉上半部,生食,,,,,8.5,0.92,0.46,0.21,0.04,0.01,10.14
28472,豆魚蛋肉類,豬肉類,豬肩肉下半部,生食,,,,,8.5,0.92,0.46,0.21,0.04,0.01,10.14
9087,全穀雜糧類,麵食類,烏龍麵,熟食,煮,,,,0.83,0.35,0.19,0.11,0.03,0.01,1.52
20278,蔬菜類,菌菇類,杏包菇,生食,,,,,0.7,0.05,0.3,0.3,0.02,0.1,1.47
20019,蔬菜類,瓜果類,苦瓜,生食,,,,,0.19,-,-,0.24,0.01,0.03,0.47
11015,蔬菜類,葉菜類,黑胡椒,生食,,,,,6.87,0.45,0.48,0.33,0.02,-,8.15
11033,蔬菜類,葉菜類,九層塔,生食,,,,,0.22,-,0.33,0.16,0.02,0.08,0.08
11094,蔬菜類,葉菜類,香菜,生食,,,,,0.39,-,0.3,0.23,0.02,0.03,0.97
20280,蔬菜類,菌菇類,木耳,生食,,,,,0.7,0.05,0.3,0.3,0.02,0.1,1.47
22061,豆魚蛋肉類,鴨鵝類,皮蛋,熟食,,,,,2.79,0.1,0.12,0.17,0.01,0.08,3.27
5214,飲品類,飲品類,紅葡萄酒,熟食,,,,,0.29,0.12,0.56,0.19,0.02,0.01,1.19
20986,蔬菜類,葉菜類,海帶,生食,,,,,4.55,1.49,0.29,0.38,0.02,0.01,6.75
20987,蔬菜類,葉菜類,紫菜,生食,,,,,4.55,1.49,0.29,0.38,0.02,0.01,6.75
20916,豆魚蛋肉類,豆類,味噌,熟食,,,,,0.6,0.15,0.11,0.17,0.02,-,1.05
25088,全穀雜糧類,米飯類,糯米,生食,,,,,1.65,0.27,0.25,0.26,0.04,0.02,2.48
9381,全穀雜糧類,米飯類,薏仁,生食,,,,,0.74,-,0.27,0.13,0.02,-,1.15
30005,蔬菜類,葉菜類,小白菜,生食,,,,,0.12,0.1,0.1,0.23,0.04,0.01,0.6